<PAMDataset>
  <PAMRasterBand band="1">
    <Histograms>
      <HistItem>
        <HistMin>0.31804215908051</HistMin>
        <HistMax>138.69778442383</HistMax>
        <BucketCount>256</BucketCount>
        <IncludeOutOfRange>1</IncludeOutOfRange>
        <Approximate>0</Approximate>
        <HistCounts>3480|5878|3055|1699|1134|731|565|439|338|237|201|160|150|144|162|123|109|86|80|98|67|78|82|79|59|58|54|57|45|48|43|55|45|34|41|36|38|37|35|26|38|27|40|36|32|27|34|43|32|39|28|39|31|45|31|41|50|29|31|29|28|31|14|19|18|16|24|13|17|19|14|15|9|14|9|4|4|5|6|4|3|4|4|3|6|3|3|3|2|0|2|0|2|0|1|1|1|1|1|0|0|0|0|1|0|1|0|0|0|0|0|0|0|0|0|0|0|1|1|0|0|0|1|0|0|0|0|0|0|1|0|2|0|0|1|0|0|0|1|0|0|0|0|0|0|0|0|0|0|0|0|0|0|0|0|0|0|0|0|0|0|1|1|0|0|0|0|0|0|0|0|1|0|0|0|0|0|0|0|0|0|0|0|0|0|1|0|0|0|0|0|0|0|0|0|0|0|0|0|0|0|1|0|0|0|0|0|0|0|0|0|0|0|0|0|0|0|0|0|0|0|0|0|0|0|1|0|0|0|0|0|0|0|0|0|0|0|0|0|0|1|0|0|0|0|0|0|0|1|0|0|0|0|0|0|1</HistCounts>
      </HistItem>
    </Histograms>
    <Metadata>
      <MDI key="STATISTICS_COVARIANCES">57.794895255418</MDI>
      <MDI key="STATISTICS_MAXIMUM">138.69778442383</MDI>
      <MDI key="STATISTICS_MEAN">4.3028275555321</MDI>
      <MDI key="STATISTICS_MINIMUM">0.31804215908051</MDI>
      <MDI key="STATISTICS_SKIPFACTORX">1</MDI>
      <MDI key="STATISTICS_SKIPFACTORY">1</MDI>
      <MDI key="STATISTICS_STDDEV">7.6022953938543</MDI>
    </Metadata>
  </PAMRasterBand>
</PAMDataset>
