<PAMDataset>
  <PAMRasterBand band="1">
    <Histograms>
      <HistItem>
        <HistMin>0</HistMin>
        <HistMax>96.120529174805</HistMax>
        <BucketCount>256</BucketCount>
        <IncludeOutOfRange>1</IncludeOutOfRange>
        <Approximate>0</Approximate>
        <HistCounts>4903|1931|1799|1435|1138|774|579|539|398|303|317|231|197|151|173|146|123|101|83|121|92|81|94|117|94|87|119|98|96|88|88|94|114|57|79|76|65|79|49|59|39|60|44|37|44|40|37|18|26|14|26|11|35|17|8|17|18|9|6|8|11|10|14|10|6|5|2|9|4|1|1|5|5|1|2|1|2|2|0|2|0|0|2|0|0|3|0|4|0|2|0|0|1|0|2|0|0|0|1|1|0|0|0|1|0|3|1|0|1|0|1|2|0|0|0|0|0|0|0|4|0|0|0|0|0|0|0|0|0|0|0|0|0|0|0|0|0|0|0|0|0|0|0|0|0|0|0|0|0|0|0|0|0|2|0|0|0|0|0|0|0|0|0|0|0|0|0|0|0|0|0|0|0|0|0|0|0|0|0|1|0|0|0|0|0|0|0|0|3|0|4|0|0|0|0|0|0|0|0|0|0|0|0|0|0|0|0|0|0|0|0|0|0|0|0|0|0|0|0|0|0|0|0|0|0|0|0|0|0|0|0|0|4|0|0|0|0|0|0|0|0|0|0|0|0|0|0|0|0|0|0|0|0|0|0|2</HistCounts>
      </HistItem>
    </Histograms>
    <Metadata>
      <MDI key="STATISTICS_COVARIANCES">26.97344766401002</MDI>
      <MDI key="STATISTICS_MAXIMUM">96.120529174805</MDI>
      <MDI key="STATISTICS_MEAN">3.0883217876979</MDI>
      <MDI key="STATISTICS_MINIMUM">0</MDI>
      <MDI key="STATISTICS_SKIPFACTORX">1</MDI>
      <MDI key="STATISTICS_SKIPFACTORY">1</MDI>
      <MDI key="STATISTICS_STDDEV">5.1935967945163</MDI>
    </Metadata>
  </PAMRasterBand>
</PAMDataset>
