<PAMDataset>
  <PAMRasterBand band="1">
    <Histograms>
      <HistItem>
        <HistMin>-0.045324429869652</HistMin>
        <HistMax>147.33995056152</HistMax>
        <BucketCount>256</BucketCount>
        <IncludeOutOfRange>1</IncludeOutOfRange>
        <Approximate>0</Approximate>
        <HistCounts>3550|5231|3063|1670|922|746|499|388|299|262|202|165|136|134|117|105|106|67|71|96|68|83|75|62|70|35|49|50|58|61|62|40|54|52|55|40|32|43|42|48|42|40|39|32|64|35|35|34|36|31|40|39|29|22|24|29|28|39|39|40|47|27|43|36|22|27|38|35|31|24|32|25|35|33|24|29|32|42|28|34|16|21|24|20|17|31|26|22|28|15|30|38|18|26|23|21|20|23|15|22|16|25|23|13|12|11|15|11|17|21|12|15|8|5|8|14|11|9|18|6|9|11|8|7|10|6|9|2|9|9|3|11|8|10|12|11|5|9|1|9|5|8|1|4|2|5|5|5|5|3|0|4|1|2|0|1|7|2|3|3|2|1|4|5|3|3|4|0|0|0|0|1|1|2|5|3|1|1|1|1|1|0|1|0|5|0|3|0|0|2|0|0|2|0|0|0|1|0|1|1|0|3|0|0|0|0|0|0|2|0|0|0|0|0|0|0|0|0|0|0|3|0|0|0|0|0|0|0|0|0|0|0|0|0|0|0|0|0|0|0|0|0|0|0|0|0|0|0|0|0|0|0|0|0|0|2</HistCounts>
      </HistItem>
    </Histograms>
    <Metadata>
      <MDI key="STATISTICS_COVARIANCES">247.299063472396</MDI>
      <MDI key="STATISTICS_MAXIMUM">147.33995056152</MDI>
      <MDI key="STATISTICS_MEAN">7.6602560049006</MDI>
      <MDI key="STATISTICS_MINIMUM">-0.045324429869652</MDI>
      <MDI key="STATISTICS_SKIPFACTORX">1</MDI>
      <MDI key="STATISTICS_SKIPFACTORY">1</MDI>
      <MDI key="STATISTICS_STDDEV">15.725745243784</MDI>
    </Metadata>
  </PAMRasterBand>
</PAMDataset>
