<PAMDataset>
  <PAMRasterBand band="1">
    <Histograms>
      <HistItem>
        <HistMin>0.29412913322449</HistMin>
        <HistMax>122.25555419922</HistMax>
        <BucketCount>256</BucketCount>
        <IncludeOutOfRange>1</IncludeOutOfRange>
        <Approximate>0</Approximate>
        <HistCounts>5123|5824|2590|1376|912|641|438|325|270|213|188|177|134|114|112|95|84|99|80|82|78|56|83|67|53|52|67|58|53|48|56|48|38|55|38|39|27|43|24|42|28|44|31|23|36|37|27|28|26|26|23|20|31|21|30|23|34|32|33|38|29|18|14|31|30|29|16|10|23|19|11|13|18|15|13|10|7|15|13|11|9|6|6|8|3|9|2|3|1|3|5|2|0|3|0|2|1|5|2|0|1|1|0|0|1|2|1|1|1|0|0|1|1|0|0|0|1|0|0|0|0|1|0|0|0|0|0|1|1|0|0|0|0|0|0|0|0|0|0|0|0|0|0|0|0|0|0|1|0|0|0|0|0|0|0|0|0|0|0|0|0|0|0|0|0|0|0|0|1|0|0|0|0|0|0|0|0|0|0|0|0|0|0|0|0|0|0|0|1|0|0|0|0|0|0|1|0|0|0|0|0|0|0|0|0|0|0|0|0|0|0|0|0|1|0|0|0|0|1|0|0|0|0|0|0|0|0|0|0|0|0|0|0|0|0|0|1|0|0|0|0|0|0|0|0|0|0|0|0|0|0|0|0|0|0|1</HistCounts>
      </HistItem>
    </Histograms>
    <Metadata>
      <MDI key="STATISTICS_COVARIANCES">47.97587973783216</MDI>
      <MDI key="STATISTICS_MAXIMUM">122.25555419922</MDI>
      <MDI key="STATISTICS_MEAN">3.6803358730365</MDI>
      <MDI key="STATISTICS_MINIMUM">0.29412913322449</MDI>
      <MDI key="STATISTICS_SKIPFACTORX">1</MDI>
      <MDI key="STATISTICS_SKIPFACTORY">1</MDI>
      <MDI key="STATISTICS_STDDEV">6.926462281557</MDI>
    </Metadata>
  </PAMRasterBand>
</PAMDataset>
