<PAMDataset>
  <PAMRasterBand band="1">
    <Histograms>
      <HistItem>
        <HistMin>-0.0048754001036286</HistMin>
        <HistMax>119.13216400146</HistMax>
        <BucketCount>256</BucketCount>
        <IncludeOutOfRange>1</IncludeOutOfRange>
        <Approximate>0</Approximate>
        <HistCounts>31784|13215|4514|2397|1777|1431|1129|930|868|631|532|400|325|270|239|251|182|178|166|165|144|106|133|124|112|98|88|72|77|73|75|79|63|59|61|50|59|60|53|44|46|37|54|52|47|59|64|49|48|45|53|54|59|51|66|47|51|44|55|54|47|36|56|63|57|45|46|43|52|43|28|41|31|34|36|30|34|23|27|34|39|25|21|27|24|29|25|24|20|24|35|17|18|19|16|17|12|22|11|12|14|11|14|7|18|9|11|6|7|9|8|6|6|5|2|3|6|5|3|4|3|4|2|3|8|3|5|3|2|3|2|2|6|3|2|0|2|1|1|1|0|4|1|1|0|2|1|3|0|1|1|1|3|1|1|0|2|1|0|1|0|0|1|0|0|1|0|0|0|0|0|1|0|1|1|0|1|0|0|2|1|1|0|1|0|0|0|0|0|2|0|1|0|0|0|0|1|2|1|0|0|0|0|1|0|0|0|0|0|0|0|0|0|0|0|0|0|1|0|0|0|0|0|0|0|1|0|0|0|0|0|0|0|1|0|1|0|0|0|0|0|0|0|0|0|0|0|0|0|0|0|0|0|0|0|1</HistCounts>
      </HistItem>
    </Histograms>
    <Metadata>
      <MDI key="STATISTICS_COVARIANCES">47.92230620736043</MDI>
      <MDI key="STATISTICS_MAXIMUM">119.13216400146</MDI>
      <MDI key="STATISTICS_MEAN">2.5639684361759</MDI>
      <MDI key="STATISTICS_MINIMUM">-0.0048754001036286</MDI>
      <MDI key="STATISTICS_SKIPFACTORX">1</MDI>
      <MDI key="STATISTICS_SKIPFACTORY">1</MDI>
      <MDI key="STATISTICS_STDDEV">6.9225938929971</MDI>
    </Metadata>
  </PAMRasterBand>
</PAMDataset>
