<PAMDataset>
  <PAMRasterBand band="1">
    <Histograms>
      <HistItem>
        <HistMin>0.34252700209618</HistMin>
        <HistMax>238.1986541748</HistMax>
        <BucketCount>256</BucketCount>
        <IncludeOutOfRange>1</IncludeOutOfRange>
        <Approximate>0</Approximate>
        <HistCounts>8816|4654|1891|1054|678|473|336|291|212|179|145|153|120|101|119|99|90|76|72|81|69|82|78|63|62|70|53|48|60|63|63|75|55|67|54|36|51|42|31|29|27|20|11|13|11|8|4|3|7|8|3|1|1|0|2|1|1|0|2|1|1|0|0|0|0|0|1|0|0|0|0|0|1|1|0|0|0|0|1|0|0|0|0|0|0|0|1|0|0|0|0|1|0|1|0|0|0|0|0|0|0|0|0|0|0|0|0|1|0|0|0|0|0|1|0|0|0|0|0|0|0|0|0|0|0|0|0|0|0|0|0|1|0|0|0|0|0|0|0|0|0|0|0|0|0|0|0|0|0|0|0|0|0|0|0|0|0|0|0|1|0|0|0|0|0|0|0|0|0|0|0|0|0|0|0|0|0|0|0|0|0|0|0|0|0|0|0|0|0|0|0|0|0|1|0|0|0|0|0|0|1|0|0|0|0|0|0|0|0|0|0|0|0|0|0|0|0|0|0|0|0|0|0|0|0|0|0|0|0|0|0|0|0|0|0|0|0|0|0|0|0|0|0|0|0|0|0|0|0|0|0|0|0|0|0|1</HistCounts>
      </HistItem>
    </Histograms>
    <Metadata>
      <MDI key="STATISTICS_COVARIANCES">61.31591675569124</MDI>
      <MDI key="STATISTICS_MAXIMUM">238.1986541748</MDI>
      <MDI key="STATISTICS_MEAN">4.3138646430125</MDI>
      <MDI key="STATISTICS_MINIMUM">0.34252700209618</MDI>
      <MDI key="STATISTICS_SKIPFACTORX">1</MDI>
      <MDI key="STATISTICS_SKIPFACTORY">1</MDI>
      <MDI key="STATISTICS_STDDEV">7.8304480558708</MDI>
    </Metadata>
  </PAMRasterBand>
</PAMDataset>
