<PAMDataset>
  <PAMRasterBand band="1">
    <Histograms>
      <HistItem>
        <HistMin>0.25008583068848</HistMin>
        <HistMax>164.31953430176</HistMax>
        <BucketCount>256</BucketCount>
        <IncludeOutOfRange>1</IncludeOutOfRange>
        <Approximate>0</Approximate>
        <HistCounts>2768|2262|1294|852|606|467|398|301|252|226|200|184|125|149|113|120|107|86|101|80|75|63|77|62|65|59|58|67|50|60|62|56|44|42|51|43|40|47|39|34|29|52|49|58|38|45|45|33|37|41|42|30|29|47|42|37|27|40|41|48|35|26|27|37|35|35|34|29|24|40|30|27|24|27|34|28|39|27|26|35|22|20|21|29|21|24|20|19|22|16|16|21|16|19|20|17|22|11|11|6|15|11|12|18|9|7|7|5|2|10|9|8|4|9|7|7|3|8|7|6|5|3|5|3|6|2|6|5|1|2|4|3|6|3|4|4|5|3|1|2|1|4|7|1|1|4|5|0|3|3|3|4|3|2|0|2|1|0|2|1|0|2|2|3|2|0|3|2|1|0|3|1|2|1|1|0|2|1|1|0|0|2|1|0|0|0|0|0|0|1|0|0|1|0|1|0|0|0|0|1|0|0|0|0|0|0|0|0|0|1|0|0|1|0|0|0|0|0|0|0|0|0|0|0|0|0|0|0|0|0|0|0|0|0|0|0|0|0|0|0|0|0|0|0|0|0|0|0|0|0|0|0|0|0|0|1</HistCounts>
      </HistItem>
    </Histograms>
    <Metadata>
      <MDI key="STATISTICS_COVARIANCES">323.1001108338309</MDI>
      <MDI key="STATISTICS_MAXIMUM">164.31953430176</MDI>
      <MDI key="STATISTICS_MEAN">11.002269311197</MDI>
      <MDI key="STATISTICS_MINIMUM">0.25008583068848</MDI>
      <MDI key="STATISTICS_SKIPFACTORX">1</MDI>
      <MDI key="STATISTICS_SKIPFACTORY">1</MDI>
      <MDI key="STATISTICS_STDDEV">17.974985697736</MDI>
    </Metadata>
  </PAMRasterBand>
</PAMDataset>
