<PAMDataset>
  <PAMRasterBand band="1">
    <Histograms>
      <HistItem>
        <HistMin>0.32206326723099</HistMin>
        <HistMax>155.09425354004</HistMax>
        <BucketCount>256</BucketCount>
        <IncludeOutOfRange>1</IncludeOutOfRange>
        <Approximate>0</Approximate>
        <HistCounts>2110|2466|1512|867|632|511|407|334|269|223|190|179|144|144|118|125|91|102|106|77|89|76|67|60|59|60|52|47|54|53|47|49|48|39|43|54|40|44|42|46|42|40|32|29|30|31|37|31|37|30|41|38|32|25|41|34|41|32|37|15|27|25|33|20|31|36|31|33|27|22|34|30|31|22|25|26|27|28|19|31|37|38|35|29|26|25|19|18|22|29|24|18|22|25|21|16|20|24|13|15|12|20|15|17|19|20|14|24|14|11|12|18|11|17|13|8|11|11|3|7|8|7|4|6|7|4|6|3|7|3|9|2|5|5|3|0|8|6|4|4|4|2|0|4|4|0|2|2|4|6|1|2|2|9|2|4|0|3|3|1|2|1|4|2|0|1|1|4|3|3|3|2|0|4|1|4|1|2|3|1|2|1|2|1|2|2|1|2|2|0|3|1|2|2|2|1|1|2|1|0|0|3|0|3|1|0|1|1|1|1|0|1|0|1|0|1|0|0|0|1|0|0|0|0|0|0|0|0|0|0|0|0|0|0|0|0|0|1|0|0|0|0|1|0|0|0|0|0|0|0|0|0|0|0|0|1</HistCounts>
      </HistItem>
    </Histograms>
    <Metadata>
      <MDI key="STATISTICS_COVARIANCES">371.8507502896093</MDI>
      <MDI key="STATISTICS_MAXIMUM">155.09425354004</MDI>
      <MDI key="STATISTICS_MEAN">11.610970395298</MDI>
      <MDI key="STATISTICS_MINIMUM">0.32206326723099</MDI>
      <MDI key="STATISTICS_SKIPFACTORX">1</MDI>
      <MDI key="STATISTICS_SKIPFACTORY">1</MDI>
      <MDI key="STATISTICS_STDDEV">19.283432015324</MDI>
    </Metadata>
  </PAMRasterBand>
</PAMDataset>
