<PAMDataset>
  <PAMRasterBand band="1">
    <Histograms>
      <HistItem>
        <HistMin>0.44824862480164</HistMin>
        <HistMax>270.6071472168</HistMax>
        <BucketCount>256</BucketCount>
        <IncludeOutOfRange>1</IncludeOutOfRange>
        <Approximate>0</Approximate>
        <HistCounts>3169|2402|1250|829|578|462|377|283|229|213|192|172|179|138|104|133|125|120|117|100|87|81|92|86|68|78|81|70|69|63|71|60|68|79|72|72|77|61|77|63|56|61|67|55|57|51|44|49|31|31|38|32|39|23|41|36|27|30|30|22|20|21|23|18|17|22|16|17|13|15|10|12|11|13|11|10|7|6|11|9|3|7|6|6|3|9|4|5|8|2|2|5|3|5|3|3|3|4|4|2|2|1|5|4|1|4|5|2|3|0|3|2|0|2|1|2|1|4|0|1|0|0|4|0|1|0|2|0|1|1|1|1|0|1|0|1|0|0|0|0|1|0|1|0|0|0|1|0|0|0|0|0|1|1|1|0|0|0|1|0|0|0|0|0|0|0|0|0|0|0|0|0|0|0|0|0|0|0|0|0|1|0|1|0|0|1|0|0|1|0|0|0|0|0|0|0|0|0|0|0|0|0|0|0|0|0|0|0|0|0|0|0|1|1|0|0|0|0|0|0|0|0|0|0|0|0|0|0|0|0|0|0|0|0|0|0|0|0|1|0|0|1|0|0|0|0|0|0|0|0|0|0|0|0|0|1</HistCounts>
      </HistItem>
    </Histograms>
    <Metadata>
      <MDI key="STATISTICS_COVARIANCES">408.1091142443182</MDI>
      <MDI key="STATISTICS_MAXIMUM">270.6071472168</MDI>
      <MDI key="STATISTICS_MEAN">12.966838183783</MDI>
      <MDI key="STATISTICS_MINIMUM">0.44824862480164</MDI>
      <MDI key="STATISTICS_SKIPFACTORX">1</MDI>
      <MDI key="STATISTICS_SKIPFACTORY">1</MDI>
      <MDI key="STATISTICS_STDDEV">20.201710676186</MDI>
    </Metadata>
  </PAMRasterBand>
</PAMDataset>
