<PAMDataset>
  <PAMRasterBand band="1">
    <Histograms>
      <HistItem>
        <HistMin>0.34487852454185</HistMin>
        <HistMax>99.705856323242</HistMax>
        <BucketCount>256</BucketCount>
        <IncludeOutOfRange>1</IncludeOutOfRange>
        <Approximate>0</Approximate>
        <HistCounts>3833|5449|2651|1707|1081|784|530|466|318|270|250|216|177|143|136|131|100|115|85|65|74|54|52|55|61|45|54|50|60|55|51|52|42|48|40|43|32|36|40|39|40|33|27|35|37|29|26|42|28|24|41|28|33|20|21|26|32|31|24|20|22|20|21|22|24|33|22|24|21|16|13|27|16|17|21|23|21|22|19|26|17|17|19|17|13|12|26|12|10|9|12|15|14|15|8|9|10|9|11|11|12|7|8|6|2|9|2|4|2|6|4|8|4|5|3|5|4|4|3|0|3|2|2|1|1|2|1|1|2|2|4|0|3|0|1|2|1|0|1|1|1|2|1|1|1|0|0|0|1|0|2|0|0|1|0|0|0|1|0|1|0|0|1|0|0|0|0|0|0|0|0|1|0|0|0|0|0|0|0|0|0|0|0|0|0|0|0|1|0|0|0|0|0|0|0|0|0|1|0|0|0|0|0|0|0|0|0|0|0|0|0|0|0|0|0|1|0|1|0|0|0|0|0|0|0|0|0|0|0|0|0|0|0|0|0|0|0|0|0|0|0|0|0|0|0|0|0|0|0|0|0|0|0|0|0|1</HistCounts>
      </HistItem>
    </Histograms>
    <Metadata>
      <MDI key="STATISTICS_COVARIANCES">54.03205639094957</MDI>
      <MDI key="STATISTICS_MAXIMUM">99.705856323242</MDI>
      <MDI key="STATISTICS_MEAN">3.9445384990981</MDI>
      <MDI key="STATISTICS_MINIMUM">0.34487852454185</MDI>
      <MDI key="STATISTICS_SKIPFACTORX">1</MDI>
      <MDI key="STATISTICS_SKIPFACTORY">1</MDI>
      <MDI key="STATISTICS_STDDEV">7.3506500658751</MDI>
    </Metadata>
  </PAMRasterBand>
</PAMDataset>
